<?xml version="1.0" encoding="UTF-8"?>
<project-private xmlns="http://www.netbeans.org/ns/project-private/1">
    <editor-bookmarks xmlns="http://www.netbeans.org/ns/editor-bookmarks/2" lastBookmarkId="0"/>
    <open-files xmlns="http://www.netbeans.org/ns/projectui-open-files/2">
        <group>
            <file>file:/Users/itmanager/NetBeansProjects/CuerosDeAmerica/src/Vista/VistaAlmacen.java</file>
            <file>file:/Users/itmanager/NetBeansProjects/CuerosDeAmerica/src/Controlador/FileAlmacenesDAO.java</file>
            <file>file:/Users/itmanager/NetBeansProjects/CuerosDeAmerica/src/Vista/VistaVentas.java</file>
            <file>file:/Users/itmanager/NetBeansProjects/CuerosDeAmerica/src/Controlador/VentasDAO.java</file>
            <file>file:/Users/itmanager/NetBeansProjects/CuerosDeAmerica/src/Controlador/FileVentasDAO.java</file>
        </group>
    </open-files>
</project-private>
