<?xml version="1.0" encoding="UTF-8"?>
<project-private xmlns="http://www.netbeans.org/ns/project-private/1">
    <editor-bookmarks xmlns="http://www.netbeans.org/ns/editor-bookmarks/2" lastBookmarkId="0"/>
    <open-files xmlns="http://www.netbeans.org/ns/projectui-open-files/2">
        <group>
            <file>file:/Users/itmanager/NetBeansProjects/CuerosDeAmerica/src/Controlador/CajerosDAO.java</file>
            <file>file:/Users/itmanager/NetBeansProjects/CuerosDeAmerica/src/Vista/VistaCajeros.java</file>
            <file>file:/Users/itmanager/NetBeansProjects/CuerosDeAmerica/src/Controlador/FileCajerosDAO.java</file>
            <file>file:/Users/itmanager/NetBeansProjects/CuerosDeAmerica/src/Modelo/ArbolBinario.java</file>
            <file>file:/Users/itmanager/NetBeansProjects/CuerosDeAmerica/src/Controlador/FileColeccionesDAO.java</file>
            <file>file:/Users/itmanager/NetBeansProjects/CuerosDeAmerica/src/Modelo/Cajeros.java</file>
        </group>
    </open-files>
</project-private>
